<?xml version="1.0" encoding="utf-8"?><testclasses><raincommercews><testclass>com.rain.cws.xstream.XmlXStreamFactoryTest</testclass><testclass>com.rain.cws.v2.filter.BaseSiteMatchingFilterTest</testclass><testclass>com.rain.cws.mapping.converters.ConsignmentStatusConverterTest</testclass><testclass>com.rain.cws.mapping.converters.StockLevelStatusConverterTest</testclass><testclass>com.rain.cws.xstream.JsonXStreamFactoryTest</testclass><testclass>com.rain.cws.jaxb.DateAdapterTest</testclass><testclass>com.rain.cws.xstream.XmlXStreamMarshallerFactoryTest</testclass><testclass>com.rain.cws.test.SearchQueryDataParserTest</testclass><testclass>com.rain.cws.v2.filter.CartMatchingFilterTest</testclass><testclass>com.rain.cws.v2.filter.UserMatchingFilterTest</testclass><testclass>com.rain.cws.interceptors.CacheControlHandlerInterceptorTest</testclass><testclass>com.rain.cws.oauth2.token.provider.HybrisOAuthTokenStoreTest</testclass></raincommercews></testclasses>