<?xml version="1.0" encoding="UTF-8" standalone="no"?>
<!--
  ~ [y] hybris Platform
  ~
  ~ Copyright (c) 2000-2015 hybris AG
  ~ All rights reserved.
  ~
  ~ This software is the confidential and proprietary information of hybris
  ~ ("Confidential Information"). You shall not disclose such Confidential
  ~ Information and shall use it only in accordance with the terms of the
  ~ license agreement you entered into with hybris.
  --><!--
 All hybris buildcallbacks.xml macrodefinitions:

 Build/Documentation

	 before/after ant macro "clean"
		 <macrodef name="raincommercews_before_clean"/>
		 <macrodef name="raincommercews_after_clean"/>

	 before/after ant macro "build"
		 <macrodef name="raincommercews_before_build"/>
		 <macrodef name="raincommercews_after_build"/>

	 before/after ant macro "compile_core" - the core module of the extension
		 <macrodef name="raincommercews_before_compile_core">
		 <macrodef name="raincommercews_after_compile_core">

	 before/after ant macro "compile_web" - the web module of the extension
		 <macrodef name="raincommercews_before_compile_web" />
		 <macrodef name="raincommercews_after_compile_web" />

	 before/after ant macro "compile_hmc" - the hmc module of the extension
		 <macrodef name="raincommercews_before_compile_hmc" />
		 <macrodef name="raincommercews_after_compile_hmc" />

 Preparing extension

	 will be called in the beginning of the ant call and only once (also when using multiple 
	 ant targets e.g. ant build yunittest)
		 <macrodef name="raincommercews_only_once_prepare"/>

 Creating ear module/production

	 before/after ant macro "ear"
		 <macrodef name="raincommercews_before_ear"/>
		 <macrodef name="raincommercews_after_ear"/>

	 before/after ant macro "production" - for hybris server only
		 <macrodef name="raincommercews_before_production" />
		 <macrodef name="raincommercews_after_production" />

 JUnit Test

	 before/after ant macro "yunitinit" 
		 <macrodef name="raincommercews_before_yunitinit" />
		 <macrodef name="raincommercews_after_yunitinit" />

	 before/after ant macro "yunit"
		 <macrodef name="raincommercews_before_yunit" />
		 <macrodef name="raincommercews_after_yunit" /> 

 Distribution package

 	 before/after ant macro "dist" - internal target; only for use when platform is available in source code
		 <macrodef name="raincommercews_after_dist"/>
		 <macrodef name="raincommercews_before_dist"/>

	 before/after ant macro "dist_copy" - internal target; only for use when platform is available in source code
		 <macrodef name="raincommercews_before_dist_copy"/>
		 <macrodef name="raincommercews_after_dist_copy"/>

--><project name="raincommercews_buildcallbacks">

	<!-- 
		Called whenever 'ant ear' is used. this callback can be used to modify the content of the ear file

		${ear.path}: 			path to ear
	 -->
	<macrodef name="raincommercews_before_ear">
		<sequential>

			<!-- you can do anything before the EAR file is being packed -->

		</sequential>
	</macrodef>

	
	<macrodef name="raincommercews_after_build">
		<sequential>
			<echo message="raincommercews_after_build"/>
			<containsExact separator=";" string="${extension.names}" substring="addonsupport">
				<do>
					<foreachext>
						<do>
							<for delimiter=";" list="${addon.folder}" param="addOnFile">
								<sequential>
									<if>
										<available file="${ext.@{extname}.path}/acceleratoraddon/@{addOnFile}"/>
										<then>
											<echo message="Found addon:  @{extname}"/>
											<echo message="addOnFile test:  @{addOnFile}"/>
											<copyAddOnToExtension addonextension="@{extname}" addonresource="@{addOnFile}" target="raincommercews"/>
										</then>
									</if>
								</sequential>
							</for>
						</do>
					</foreachext>
				</do>
			</containsExact>
		</sequential>
	</macrodef>
	
</project>
