<!--
  ~ [y] hybris Platform
  ~
  ~ Copyright (c) 2000-2015 hybris AG
  ~ All rights reserved.
  ~
  ~ This software is the confidential and proprietary information of hybris
  ~ ("Confidential Information"). You shall not disclose such Confidential
  ~ Information and shall use it only in accordance with the terms of the
  ~ license agreement you entered into with hybris.
  -->

<project xmlns="http://maven.apache.org/POM/4.0.0" xmlns:xsi="http://www.w3.org/2001/XMLSchema-instance"
         xsi:schemaLocation="http://maven.apache.org/POM/4.0.0 http://maven.apache.org/xsd/maven-4.0.0.xsd">
	<modelVersion>4.0.0</modelVersion>
	<groupId>de.hybris.platform</groupId>
	<artifactId>raincommercews</artifactId>
	<version>5.0.0.0-SNAPSHOT</version>

	<packaging>jar</packaging>

	<dependencies>
		<dependency>
			<groupId>net.sf.kxml</groupId>
			<artifactId>kxml2</artifactId>
			<version>2.1.8</version>
		</dependency>
		<dependency>
			<groupId>org.eclipse.persistence</groupId>
			<artifactId>org.eclipse.persistence.moxy</artifactId>
			<version>2.5.0</version>
		</dependency>
		<dependency>
			<groupId>org.eclipse.persistence</groupId>
			<artifactId>org.eclipse.persistence.core</artifactId>
			<version>2.5.0</version>
		</dependency>
		<dependency>
			<groupId>org.eclipse.persistence</groupId>
			<artifactId>org.eclipse.persistence.antlr</artifactId>
			<version>2.5.0</version>
		</dependency>
		<dependency>
			<groupId>org.eclipse.persistence</groupId>
			<artifactId>org.eclipse.persistence.asm</artifactId>
			<version>2.5.0</version>
		</dependency>
	</dependencies>
</project>
