<?xml version="1.0" encoding="UTF-8" standalone="no"?>
<!--
  ~ [y] hybris Platform
  ~
  ~ Copyright (c) 2000-2015 hybris AG
  ~ All rights reserved.
  ~
  ~ This software is the confidential and proprietary information of hybris
  ~ ("Confidential Information"). You shall not disclose such Confidential
  ~ Information and shall use it only in accordance with the terms of the
  ~ license agreement you entered into with hybris.
  --><extensioninfo xmlns:xsi="http://www.w3.org/2001/XMLSchema-instance" xsi:noNamespaceSchemaLocation="extensioninfo.xsd">


	<extension abstractclassprefix="Generated" classprefix="Ycommercewebservices" name="raincommercews" usemaven="false">

		<requires-extension name="commercefacades"/>
		<requires-extension name="commerceservices"/>
		<requires-extension name="commercewebservicescommons"/>
		<requires-extension name="rainservice"/>

		<coremodule generated="true" manager="de.hybris.platform.jalo.extension.GenericManager" packageroot="com.rain.cws"/>


		<webmodule jspcompile="false" webroot="/rain"/>

		
		<meta key="modulegen-name" value="commercewebservices"/>
	</extension>

</extensioninfo>
