<?xml version="1.0" encoding="ISO-8859-1"?>
<!--
  ~ [y] hybris Platform
  ~
  ~ Copyright (c) 2000-2015 hybris AG
  ~ All rights reserved.
  ~
  ~ This software is the confidential and proprietary information of hybris
  ~ ("Confidential Information"). You shall not disclose such Confidential
  ~ Information and shall use it only in accordance with the terms of the
  ~ license agreement you entered into with hybris.
  -->
<beans xmlns:xsi="http://www.w3.org/2001/XMLSchema-instance" xsi:noNamespaceSchemaLocation="beans.xsd">

	<enum class="com.rain.cws.populator.options.PaymentInfoOption">
		<value>BASIC</value>
		<value>BILLING_ADDRESS</value>
	</enum>

	<!--auth response  -->
	<bean class="com.rain.cws.auth.data.LogoutResponse">
		<property name="success" type="boolean"/>
	</bean>

	<!-- storesession data -->

	<bean class="com.rain.cws.storesession.data.LanguageDataList">
		<property name="languages"
		          type="java.util.Collection&lt;de.hybris.platform.commercefacades.storesession.data.LanguageData>"/>
	</bean>

	<bean class="com.rain.cws.storesession.data.CurrencyDataList">
		<property name="currencies"
		          type="java.util.Collection&lt;de.hybris.platform.commercefacades.storesession.data.CurrencyData>"/>
	</bean>

	<!-- order data -->

	<bean class="com.rain.cws.order.data.CartDataList">
		<property name="carts"
		          type="java.util.List&lt;de.hybris.platform.commercefacades.order.data.CartData>"/>
	</bean>

	<bean class="com.rain.cws.order.data.OrderEntryDataList">
		<property name="orderEntries"
		          type="java.util.List&lt;de.hybris.platform.commercefacades.order.data.OrderEntryData>"/>
	</bean>

	<bean class="com.rain.cws.order.data.CardTypeDataList">
		<property name="cardTypes"
		          type="java.util.List&lt;de.hybris.platform.commercefacades.order.data.CardTypeData>"/>
	</bean>

	<bean class="de.hybris.platform.commercefacades.order.data.CartModificationDataList">
		<property name="cartModificationList"
		          type="java.util.List&lt;de.hybris.platform.commercefacades.order.data.CartModificationData>"/>
	</bean>

	<!-- product data -->

	<bean class="com.rain.cws.product.data.ProductDataList">
		<property name="products"
		          type="java.util.List&lt;de.hybris.platform.commercefacades.product.data.ProductData>"/>
		<property name="catalog" type="String"/>
		<property name="version" type="String"/>
		<property name="totalProductCount" type="int"/>
		<property name="totalPageCount" type="int"/>
		<property name="currentPage" type="int"/>
	</bean>

	<bean class="com.rain.cws.product.data.PromotionDataList">
		<property name="promotions"
		          type="java.util.List&lt;de.hybris.platform.commercefacades.product.data.PromotionData>"/>
	</bean>

	<bean class="com.rain.cws.product.data.PromotionResultDataList">
		<property name="promotions"
		          type="java.util.List&lt;de.hybris.platform.commercefacades.product.data.PromotionResultData>"/>
	</bean>

	<bean class="com.rain.cws.product.data.ReviewDataList">
		<property name="reviews" type="java.util.List&lt;de.hybris.platform.commercefacades.product.data.ReviewData>"/>
	</bean>

	<bean class="com.rain.cws.product.data.SuggestionDataList">
		<property name="suggestions"
		          type="java.util.List&lt;de.hybris.platform.commercefacades.product.data.SuggestionData>"/>
	</bean>

	<!-- user data -->

	<bean class="com.rain.cws.user.data.TitleDataList">
		<property name="titles" type="java.util.List&lt;de.hybris.platform.commercefacades.user.data.TitleData>"/>
	</bean>

	<bean class="com.rain.cws.user.data.CountryDataList">
		<property name="countries" type="java.util.List&lt;de.hybris.platform.commercefacades.user.data.CountryData>"/>
	</bean>

	<bean class="com.rain.cws.user.data.AddressDataList">
		<property name="addresses" type="java.util.List&lt;de.hybris.platform.commercefacades.user.data.AddressData>"/>
	</bean>

	<!-- voucher data -->
	<bean class="com.rain.cws.voucher.data.VoucherDataList">
		<property name="vouchers"
		          type="java.util.List&lt;de.hybris.platform.commercefacades.voucher.data.VoucherData>"/>
	</bean>

	<!-- validation data -->
	<bean class="com.rain.cws.validation.data.AddressValidationData">
		<property name="errors" type="de.hybris.platform.commercewebservicescommons.dto.error.ErrorListWsDTO"/>
		<property name="decision" type="String"/>
		<property name="suggestedAddressesList"
		          type="com.rain.cws.user.data.AddressDataList"/>
	</bean>

	<!-- Additional title property for CustomerData -->
	<bean class="de.hybris.platform.commercefacades.user.data.CustomerData"
	      extends="de.hybris.platform.commercefacades.user.data.PrincipalData">
		<property name="title" type="String"/>
	</bean>

	<bean class="com.rain.cws.user.data.LoginChangeResponse">
		<property name="success" type="boolean"/>
	</bean>

	<bean class="com.rain.cws.user.data.PasswordRestoreResponse">
		<property name="success" type="boolean"/>
	</bean>

	<!-- update queues -->

	<bean class="com.rain.cws.queues.data.ProductExpressUpdateElementData">
		<property name="code" type="String"/>
		<property name="catalogId" type="String"/>
		<property name="catalogVersion" type="String"/>
	</bean>

	<bean class="com.rain.cws.queues.data.ProductExpressUpdateElementDataList">
		<property name="productExpressUpdateElements"
		          type="java.util.List&lt;com.rain.cws.queues.data.ProductExpressUpdateElementData>"/>
	</bean>

	<bean class="com.rain.cws.queues.data.OrderStatusUpdateElementData">
		<property name="code" type="String"/>
		<property name="status" type="String"/>
		<property name="baseSiteId" type="String"/>
	</bean>

	<bean class="com.rain.cws.queues.data.OrderStatusUpdateElementDataList">
		<property name="orderStatusUpdateElements"
		          type="java.util.List&lt;com.rain.cws.queues.data.OrderStatusUpdateElementData>"/>
	</bean>
	
	<!-- Add by baochuanqi 2015-04-28 -->
	<bean class="com.rain.cws.data.WSResponseStatusData">
		<property name="code" type="String"/>
		<property name="status" type="String"/>
	</bean>
	
	<bean class="com.rain.cws.data.CSTestData">
		<property name="code" type="String"/>
		<property name="value" type="String"/>
	</bean>
	
	<bean class="com.rain.cws.data.CSTestDataList">
		<property name="CSTestDatas" type="java.util.List&lt;com.rain.cws.data.CSTestData>"/>
	</bean>

</beans>
