<?xml version="1.0" encoding="UTF-8"?>

<!--
  ~ [y] hybris Platform
  ~
  ~ Copyright (c) 2000-2015 hybris AG
  ~ All rights reserved.
  ~
  ~ This software is the confidential and proprietary information of hybris
  ~ ("Confidential Information"). You shall not disclose such Confidential
  ~ Information and shall use it only in accordance with the terms of the
  ~ license agreement you entered into with hybris.
  -->

<beans xmlns="http://www.springframework.org/schema/beans" xmlns:xsi="http://www.w3.org/2001/XMLSchema-instance"
       xmlns:context="http://www.springframework.org/schema/context"
       xmlns:security="http://www.springframework.org/schema/security"
       xmlns:mvc="http://www.springframework.org/schema/mvc"
       xsi:schemaLocation="http://www.springframework.org/schema/beans
		http://www.springframework.org/schema/beans/spring-beans.xsd
		http://www.springframework.org/schema/context
		http://www.springframework.org/schema/context/spring-context.xsd


		http://www.springframework.org/schema/mvc
		http://www.springframework.org/schema/mvc/spring-mvc.xsd
		http://www.springframework.org/schema/security 
		http://www.springframework.org/schema/security/spring-security.xsd">

	<context:component-scan base-package="com.rain.cws.oauth2" scope-resolver="de.hybris.platform.spring.IgnoreTenantScopeMetadataResolver" />

	<mvc:annotation-driven>
		<mvc:message-converters register-defaults="false">
			<bean parent="resolverXStreamJSONConverter" />
			<bean parent="resolverXStreamXmlConverter" />
		</mvc:message-converters>
	</mvc:annotation-driven>

	<!-- This tag allows for mapping the DispatcherServlet to "/" (thus overriding the mapping of the container's default Servlet), while 
		still allowing static resource requests to be handled by the container's default Servlet. It configures a DefaultServletHttpRequestHandler 
		with a URL mapping (given a lowest precedence order) of "/**". This handler will forward all requests to the default Servlet. -->
	<mvc:default-servlet-handler />

	<security:global-method-security secured-annotations="enabled" />

	<!-- Load additional configuration -->

	<bean id="jspViewResolver" class="org.springframework.web.servlet.view.InternalResourceViewResolver">
		<property name="viewClass" value="org.springframework.web.servlet.view.JstlView" />
		<property name="prefix" value="/WEB-INF/jsp/" />
		<property name="suffix" value=".jsp" />
	</bean>

	<!-- webservice error factory & converters -->

	<alias alias="webserviceErrorFactory" name="defaultWebserviceErrorFactory" />
	<bean id="defaultWebserviceErrorFactory" class="com.rain.cws.errors.factory.impl.DefaultWebserviceErrorFactory">
		<property name="converters">
			<list>
				<ref bean="exceptionConverter" />
			</list>
		</property>
	</bean>

	<alias alias="exceptionConverter" name="defaultExceptionConverter" />
	<bean name="defaultExceptionConverter" class="de.hybris.platform.commercewebservicescommons.errors.converters.ExceptionConverter" />

	<bean id="abstractRestHandlerExceptionResolver" class="com.rain.cws.resolver.AbstractRestHandlerExceptionResolver"
		abstract="true">
		<property name="webserviceErrorFactory" ref="webserviceErrorFactory" />
		<property name="messageConverters" ref="messageConvertersV1" />
	</bean>

	<bean id="oAuth2ExceptionHandlerExceptionResolver" class="com.rain.cws.resolver.OAuth2ExceptionHandlerExceptionResolver"
		parent="abstractRestHandlerExceptionResolver">
	</bean>

	<bean id="restHandlerExceptionResolver" class="com.rain.cws.resolver.RestHandlerExceptionResolver"
		parent="abstractRestHandlerExceptionResolver">
		<property name="statusCodeMappings">
			<map>
				<!-- Spring internal exceptions -->
				<entry key="BindException" value="400" />
				<entry key="ConversionNotSupportedException" value="500" />
				<entry key="HttpMediaTypeNotAcceptableException" value="406" />
				<entry key="HttpMediaTypeNotSupportedException" value="415" />
				<entry key="HttpMessageNotReadableException" value="400" />
				<entry key="HttpMessageNotWritableException" value="400" />
				<entry key="HttpRequestMethodNotSupportedException" value="405" />
				<entry key="MethodArgumentNotValidException" value="400" />
				<entry key="MissingServletRequestParameterException" value="400" />
				<entry key="MissingServletRequestPartException" value="400" />
				<entry key="NoSuchRequestHandlingMethodException" value="404" />
				<entry key="TypeMismatchException" value="400" />
				<!-- Other exceptions -->
				<!-- <entry key="UnknownResourceException" value="404"/> -->
				<entry key="AccessDeniedException" value="401" />
				<entry key="AuthenticationException" value="401" />
			</map>
		</property>
	</bean>
</beans>
