<?xml version="1.0" encoding="UTF-8"?>

<!--
  ~ [y] hybris Platform
  ~
  ~ Copyright (c) 2000-2015 hybris AG
  ~ All rights reserved.
  ~
  ~ This software is the confidential and proprietary information of hybris
  ~ ("Confidential Information"). You shall not disclose such Confidential
  ~ Information and shall use it only in accordance with the terms of the
  ~ license agreement you entered into with hybris.
  -->

<beans xmlns="http://www.springframework.org/schema/beans" xmlns:xsi="http://www.w3.org/2001/XMLSchema-instance" xmlns:util="http://www.springframework.org/schema/util"
	xsi:schemaLocation="http://www.springframework.org/schema/beans
		http://www.springframework.org/schema/beans/spring-beans.xsd
		http://www.springframework.org/schema/util
		http://www.springframework.org/schema/util/spring-util.xsd">

	<bean id="abstractRestHandlerExceptionResolverV2" abstract="true">
		<property name="webserviceErrorFactory" ref="webserviceErrorFactory" />
		<property name="messageConverters" ref="messageConvertersV2" />
	</bean>

	<bean id="oAuth2ExceptionHandlerExceptionResolverV2" class="com.rain.cws.resolver.OAuth2ExceptionHandlerExceptionResolver"
		parent="abstractRestHandlerExceptionResolverV2">
	</bean>

	<bean id="restHandlerExceptionResolverV2" class="com.rain.cws.resolver.RestHandlerExceptionResolver"
		parent="abstractRestHandlerExceptionResolverV2">
		<property name="statusCodeMappings" ref="statusCodeMappings" />
	</bean>

	<util:list id="exceptionResolversV2">
		<ref bean="oAuth2ExceptionHandlerExceptionResolverV2" />
		<ref bean="restHandlerExceptionResolverV2" />
	</util:list>

</beans>