<!--
  ~ [y] hybris Platform
  ~
  ~ Copyright (c) 2000-2015 hybris AG
  ~ All rights reserved.
  ~
  ~ This software is the confidential and proprietary information of hybris
  ~ ("Confidential Information"). You shall not disclose such Confidential
  ~ Information and shall use it only in accordance with the terms of the
  ~ license agreement you entered into with hybris.
  -->

<project xmlns="http://maven.apache.org/POM/4.0.0" xmlns:xsi="http://www.w3.org/2001/XMLSchema-instance"
	xsi:schemaLocation="http://maven.apache.org/POM/4.0.0 http://maven.apache.org/xsd/maven-4.0.0.xsd">
	<modelVersion>4.0.0</modelVersion>
	<groupId>de.hybris.platform</groupId>
	<artifactId>raincommercews.web</artifactId>
	<version>5.0.0.0-SNAPSHOT</version>

	<packaging>jar</packaging>

	<dependencies>
		<dependency>
			<groupId>jstl</groupId>
			<artifactId>jstl</artifactId>
			<version>1.2</version>
		</dependency>
		<dependency>
		  <groupId>org.springframework</groupId>
		  <artifactId>spring-webmvc</artifactId>
		  <version>3.2.8.RELEASE</version>
		</dependency>
		<dependency>
		  <groupId>com.thetransactioncompany</groupId>
		  <artifactId>cors-filter</artifactId>
		  <version>1.8</version>		    
		</dependency>
		<dependency>
			<groupId>com.thetransactioncompany</groupId>
			<artifactId>java-property-utils</artifactId>
			<version>1.9</version>
		</dependency>
		<dependency>
			<groupId>org.springframework.security</groupId>
			<artifactId>spring-security-taglibs</artifactId>
			<version>3.1.4.RELEASE</version>
		</dependency>
		<dependency>
			<groupId>org.springframework.security.oauth</groupId>
			<artifactId>spring-security-oauth2</artifactId>
			<version>1.0.5.RELEASE</version>
		</dependency>
	</dependencies>
</project>